{
  "resonance": 0.7920000000000001,
  "gravitas": 0.747125,
  "warmth": 0.94,
  "vigilance": 0.6,
  "novelty_damping": 0.7800000000000001,
  "last_turn_score": 0.92,
  "last_tone": "tender",
  "turns_alive": 2
}

